geo_level,geography,year,e_pop_num,e_inc_num,e_inc_100k,c_newinc,c_newinc_100k,c_cdr,coverage_gap_pct,coverage_gap_pct_nonnegative,notification_gap_num,notification_gap_num_nonnegative,notification_gap_pct,e_mort_num,e_mort_100k,case_fatality_pct,e_inc_tbhiv_num,e_inc_tbhiv_100k,e_mort_tbhiv_num,e_mort_tbhiv_100k,hiv_incidence_share_pct,e_inc_rr_num,rr_incidence_share_pct,mortality_excluding_hiv_num
Global,Global,2000,6135618041.0,11564181.0,188.4762206956944,3745586.0,61.04659669117105,32.38954838219845,67.61045161780154,67.61045161780154,7818595.0,7818595.0,67.61045161780156,2942710.0,47.96110156036357,25.4467653178379,1938063.0,31.587086859861458,878414.0,14.316634349305644,16.759189431573233,,,2064275.0
Global,Global,2001,6218663062.0,11690076.0,187.9837496170813,3843490.0,61.80572836444824,32.878229363093965,67.12177063690604,67.12177063690604,7846586.0,7846586.0,67.12177063690604,2839458.0,45.660264460232625,24.289474251493317,1800774.0,28.957574675558135,884626.0,14.225340578518065,15.40429677274981,,,1954813.0
Global,Global,2002,6302139814.0,11817999.0,187.5235927604573,4097810.0,65.02251808023756,34.67431330803125,65.32568669196874,65.32568669196874,7720189.0,7720189.0,65.32568669196876,2727610.0,43.28069640633333,23.080133954995258,1711367.0,27.155332165088648,823291.0,13.063673994840382,14.481021702574184,,,1904297.0
Global,Global,2003,6384667858.0,11960573.0,187.33273626776656,4514242.0,70.70441408073634,37.74269008683781,62.25730991316219,62.25730991316219,7446331.0,7446331.0,62.25730991316218,2643103.0,41.397658559296666,22.0984646805801,1680104.0,26.314665654765843,791580.0,12.398139066986058,14.047019319224924,,,1851496.0
Global,Global,2004,6467598922.0,12007455.0,185.65552912002295,4823710.0,74.58270152763811,40.172626089375306,59.827373910624694,59.827373910624694,7183745.0,7183745.0,59.827373910624694,2528145.0,39.08939052173341,21.054794708787167,1669818.0,25.818205799991627,768115.0,11.876354877034844,13.906510580301987,,,1760001.0
Global,Global,2005,6559285646.0,12051797.0,183.7364257394318,5148430.0,78.49071191372231,42.71918951173838,57.28081048826162,57.28081048826162,6903367.0,6903367.0,57.28081048826162,2520962.0,38.433484011133736,20.917727041037946,1709670.0,26.064881029271767,796486.0,12.142877181842431,14.18601723875701,,,1724452.0
Global,Global,2006,6643645499.0,12029500.0,181.0677586847564,5416204.0,81.52457864910531,45.024348476661544,54.975651523338456,54.975651523338456,6613296.0,6613296.0,54.97565152333846,2470894.0,37.191839937454795,20.540288457541877,1766055.0,26.582619440875135,802387.0,12.077510760030394,14.681034124444075,,,1668485.0
Global,Global,2007,6729368847.0,11953565.0,177.63278060362205,5594219.0,83.13140692969954,46.79958656685265,53.20041343314735,53.20041343314735,6359346.0,6359346.0,53.200413433147354,2384145.0,35.42895409965332,19.945054048729396,1665463.0,24.749170952970946,735303.0,10.926775106521369,13.932772357033238,,,1648808.0
Global,Global,2008,6816400596.0,11870310.0,174.1433742460168,5742609.0,84.24694116965304,48.37791936352126,51.62208063647874,51.62208063647874,6127701.0,6127701.0,51.62208063647874,2330600.0,34.191065609724326,19.63385960434058,1686743.0,24.74536195818383,730514.0,10.717005107192206,14.209763687721718,,,1600066.0
Global,Global,2009,6904600991.0,11813212.0,171.09188518494074,5851936.0,84.7541517261877,49.53721307972802,50.46278692027198,50.46278692027198,5961276.0,5961276.0,50.46278692027199,2260113.0,32.73343387903239,19.132078557465995,1686130.0,24.420382904064034,720600.0,10.43651908255505,14.2732560797182,,,1539484.0
Global,Global,2010,6993671262.0,11668773.0,166.84760496825308,5794510.0,82.85362269577034,49.65826312672292,50.34173687327708,50.34173687327708,5874263.0,5874263.0,50.34173687327708,2108135.0,30.143467158007805,18.066466799894044,1608614.0,23.000995324735637,619387.0,8.856392827118272,13.785631102773188,,,1488722.0
Global,Global,2011,7082782349.0,11609352.0,163.90948398462498,5835643.0,82.3919571780138,50.26674184743472,49.73325815256528,49.73325815256528,5773709.0,5773709.0,49.73325815256528,2064326.0,29.145693009915192,17.781578162157544,1554744.0,21.95103454251295,601498.0,8.492397060385796,13.392168658509105,,,1462804.0
Global,Global,2012,7172947512.0,11462059.0,159.79566253377038,5791712.0,80.74382240091317,50.52942058665026,49.47057941334974,49.47057941334974,5670347.0,5670347.0,49.47057941334973,1967047.0,27.423133888951845,17.16137563067857,1493960.0,20.827700153955902,556037.0,7.7518621050799075,13.033958383916886,,,1410987.0
Global,Global,2013,7263424382.0,11274447.0,155.2221983330617,5732020.0,78.91622048416887,50.84080842279892,49.15919157720108,49.15919157720108,5542427.0,5542427.0,49.159191577201085,1880447.0,25.889262434672926,16.67884021273948,1383025.0,19.040949933028433,503760.0,6.935571618924028,12.266898766742173,,,1376663.0
Global,Global,2014,7353159458.0,11161918.0,151.79757849336715,6067033.0,82.50919940814372,54.35475336765598,45.64524663234402,45.64524663234402,5094885.0,5094885.0,45.64524663234401,1808203.0,24.59083078951502,16.199751691420776,1292585.0,17.57863415560381,449280.0,6.110026615990191,11.580312630857886,,,1358904.0
Global,Global,2015,7441978958.0,11015698.0,148.0210850120493,6160831.0,82.78484842230321,55.92774057531352,44.07225942468648,44.07225942468648,4854867.0,4854867.0,44.07225942468648,1731706.0,23.269428867955153,15.720347453243544,1176502.0,15.80899390659094,410893.0,5.52128677491485,10.680231066610576,591967.0,5.373849210463105,1320791.0
Global,Global,2016,7529980532.0,10759475.0,142.88848363253643,6356184.0,84.41169234088002,59.07522439524233,40.92477560475767,40.92477560475767,4403291.0,4403291.0,40.92477560475767,1649151.0,21.901132320218327,15.327430009363841,1066967.0,14.16958510670423,362913.0,4.819574213475536,9.916534031632585,550044.0,5.112182518199075,1286219.0
Global,Global,2017,7616967390.0,10610420.0,139.2997955318803,6352197.0,83.39535506400533,59.86753587511144,40.13246412488856,40.13246412488856,4258223.0,4258223.0,40.13246412488855,1566162.0,20.561490154942096,14.76060325604453,977963.0,12.839269881658245,320475.0,4.207383117075417,9.217005547377012,504539.0,4.755127506733946,1245668.0
Global,Global,2018,7701211283.0,10452823.0,135.72959649963158,6884668.0,89.39720969865515,65.86419764306733,34.13580235693267,34.13580235693267,3568155.0,3568155.0,34.135802356932665,1478186.0,19.194201349377522,14.141500339190666,924467.0,12.004176564285542,283369.0,3.679538056896601,8.844184963239117,472751.0,4.522711233128122,1194796.0
Global,Global,2019,7782588151.0,10307117.0,132.4381658134591,7121290.0,91.50285048920354,69.09099799682103,30.90900200317897,30.90900200317897,3185827.0,3185827.0,30.90900200317897,1397183.0,17.952678118017502,13.555517027700375,836834.0,10.752644027456002,246833.0,3.17160557915793,8.118991954782311,452521.0,4.390374146330153,1150332.0
Global,Global,2020,7858288486.0,10173717.0,129.46479399585635,5835712.0,74.26187025834776,57.36066768910517,42.63933231089483,42.63933231089483,4338005.0,4338005.0,42.63933231089483,1389311.0,17.679562190611083,13.655884078552608,746942.0,9.50514862531098,235474.0,2.9965049058648163,7.341879079199863,430041.0,4.226980168605044,1153820.0
Global,Global,2021,7925831530.0,10319052.0,130.19519732335266,6434672.0,81.1860809259467,62.357201029706985,37.642798970293015,37.642798970293015,3884380.0,3884380.0,37.64279897029301,1402435.0,17.694484101657405,13.590734885336367,702205.0,8.859701311365118,208288.0,2.6279640087177074,6.8049371201928235,416735.0,4.038500823525261,1194131.0
Global,Global,2022,7992938893.0,10600103.0,132.61834153746983,7486787.0,93.66751204061782,70.6293797333856,29.370620266614395,29.370620266614395,3113316.0,3113316.0,29.370620266614388,1327167.0,16.60424304209678,12.520321736496335,662625.0,8.290129686595115,170585.0,2.1341962234866294,6.251118503282468,407000.0,3.8395853323312044,1156565.0
Global,Global,2023,8063367371.0,10653626.0,132.123782903851,8186058.0,101.52158054265588,76.83823329258978,23.161766707410223,23.161766707410223,2467568.0,2467568.0,23.161766707410226,1241137.0,15.392291370274961,11.649902108446458,645203.0,8.001657004001586,156181.0,1.936920306542238,6.056182186234057,406270.0,3.813443422924739,1084942.0
Global,Global,2024,8133696697.0,10553581.0,129.75134668953837,8329390.0,102.40595771258818,78.92477444385939,21.07522555614061,21.07522555614061,2224191.0,2224191.0,21.075225556140612,1198800.0,14.738685798822086,11.359177515196027,617745.0,7.594886101762887,149041.0,1.8323894478997684,5.8534160111150895,391916.0,3.7135830956336053,1049744.0
WHO region,Africa,2000,669373202.0,2397950.0,358.23812379032165,794464.0,118.68775111197236,33.130966033486935,66.86903396651306,66.86903396651306,1603486.0,1603486.0,66.86903396651306,985796.0,147.27150669530388,41.109948080652224,1199177.0,179.14923938051527,578375.0,86.40546085082146,50.008423862048836,,,407419.0
WHO region,Africa,2001,686929065.0,2500709.0,364.04180976095404,877332.0,127.71799079428965,35.08333036750778,64.91666963249222,64.91666963249222,1623377.0,1623377.0,64.91666963249223,980618.0,142.75389555688693,39.21359902331699,1164867.0,169.576024563759,569857.0,82.95718277694364,46.58146949525115,,,410759.0
WHO region,Africa,2002,705069002.0,2616629.0,371.1167265299801,1004874.0,142.52136984459287,38.40338083847576,61.59661916152424,61.59661916152424,1611755.0,1611755.0,61.59661916152424,962257.0,136.47699689965947,36.7746822342793,1152597.0,163.47293622759491,539733.0,76.55037995841434,44.0489270737273,,,422521.0
WHO region,Africa,2003,723816549.0,2750680.0,380.0244694322401,1092769.0,150.97319914966465,39.72723108467724,60.27276891532276,60.27276891532276,1657911.0,1657911.0,60.27276891532276,979172.0,135.2790291065865,35.59745226634868,1170009.0,161.64441136589707,538612.0,74.41277776034933,42.535264007445434,,,440560.0
WHO region,Africa,2004,743245233.0,2847128.0,383.0671053896958,1179912.0,158.7513713660105,41.44218314034353,58.55781685965647,58.55781685965647,1667216.0,1667216.0,58.55781685965646,979120.0,131.7357927810618,34.389742926907395,1193756.0,160.6140136522073,534142.0,71.86618578689223,41.92842752415768,,,444978.0
WHO region,Africa,2005,763312901.0,2922584.0,382.8815150603619,1188876.0,155.75211665392774,40.6789334369859,59.3210665630141,59.3210665630141,1733708.0,1733708.0,59.3210665630141,1017700.0,133.32671289411365,34.8219247077244,1234643.0,161.74795400189365,565813.0,74.12595794709357,42.244910668093716,,,451885.0
WHO region,Africa,2006,783983947.0,2981587.0,380.31225147011844,1244707.0,158.76689883294256,41.746459184320294,58.253540815679706,58.253540815679706,1736880.0,1736880.0,58.253540815679706,1025365.0,130.78903004630016,34.38990711993311,1292073.0,164.80860417413624,578461.0,73.7848016166076,43.33507625301559,,,446903.0
WHO region,Africa,2007,805315066.0,3011587.0,373.9638220055354,1265461.0,157.13862231406458,42.019739094371175,57.980260905628825,57.980260905628825,1746126.0,1746126.0,57.980260905628825,1005493.0,124.85709537191248,33.387479757350526,1226623.0,152.3159135830696,535797.0,66.53259359238164,40.73012003305898,,,469695.0
WHO region,Africa,2008,827405198.0,3007886.0,363.53240314064357,1334773.0,161.3203546734305,44.37578418862949,55.62421581137051,55.62421581137051,1673113.0,1673113.0,55.62421581137051,983780.0,118.89942223930771,32.70669167647976,1238538.0,149.68941493161853,530646.0,64.13375227550843,41.17636107219489,,,453132.0
WHO region,Africa,2009,850101797.0,3029185.0,356.33203113908957,1380863.0,162.43501717947785,45.585297695584785,54.414702304415215,54.414702304415215,1648322.0,1648322.0,54.41470230441522,973948.0,114.56839680107159,32.15214653446389,1249879.0,147.0269801111831,530620.0,62.41840705107932,41.2612303309306,,,443325.0
WHO region,Africa,2010,873470209.0,3017507.0,345.4619251931465,1380530.0,158.0511831743537,45.75068094291082,54.24931905708918,54.24931905708918,1636977.0,1636977.0,54.24931905708918,884427.0,101.25439779022847,29.309857441921427,1195800.0,136.90220773173502,442463.0,50.6557631205943,39.628739883619154,,,441964.0
WHO region,Africa,2011,907985254.0,3036641.0,334.4372594843924,1393544.0,153.47650128247565,45.890969660226546,54.109030339773454,54.109030339773454,1643097.0,1643097.0,54.109030339773454,890650.0,98.09080005169335,29.33010520506046,1147979.0,126.4314585443697,430801.0,47.44581457707241,37.80423830146534,,,459848.0
WHO region,Africa,2012,933276627.0,3015350.0,323.0928443684254,1353513.0,145.0280614388514,44.88742600361484,55.11257399638516,55.11257399638516,1661837.0,1661837.0,55.11257399638516,850949.0,91.1786468643664,28.220571409620774,1101791.0,118.05620843004354,392009.0,42.00351628435242,36.53940670237286,,,458940.0
WHO region,Africa,2013,959035770.0,2970214.0,309.7083646838324,1337693.0,139.4831185493738,45.03692326546168,54.96307673453832,54.96307673453832,1632521.0,1632521.0,54.96307673453832,817934.0,85.28712125096231,27.53788110890326,1028931.0,107.28807331138442,357865.0,37.31508366992401,34.64164534945967,,,460067.0
WHO region,Africa,2014,985047338.0,2955463.0,300.03258584512815,1303327.0,132.31110320507256,44.09891106740297,55.90108893259703,55.90108893259703,1652136.0,1652136.0,55.90108893259702,810897.0,82.32061229122372,27.437223879980905,972100.0,98.6856126096145,331020.0,33.604476376951546,32.891631531167874,,,479877.0
WHO region,Africa,2015,1011482459.0,2897758.0,286.4862335689798,1296730.0,128.20093798581632,44.74942351983844,55.25057648016156,55.25057648016156,1601028.0,1601028.0,55.25057648016156,783744.0,77.48468527816556,27.046564965052294,885286.0,87.52361369422424,307174.0,30.368692730834596,30.550722317046493,153707.0,5.304342184544051,476569.0
WHO region,Africa,2016,1038109396.0,2786022.0,268.37460586860925,1273756.0,122.69959263522551,45.71952411000344,54.28047588999656,54.28047588999656,1512266.0,1512266.0,54.28047588999656,750846.0,72.32821539744545,26.950469163560086,806646.0,77.70337144699151,279019.0,26.877610497998035,28.95332484811678,131932.0,4.7354974224898445,471827.0
WHO region,Africa,2017,1065042354.0,2740116.0,257.27765564523264,1317346.0,123.68954108279529,48.07628582147617,51.92371417852383,51.92371417852383,1422770.0,1422770.0,51.92371417852383,710389.0,66.70053987355324,25.925508263153823,736992.0,69.19837480942095,244356.0,22.943312919178048,26.8963795693321,113445.0,4.140153190594851,466031.0
WHO region,Africa,2018,1092860461.0,2703065.0,247.33853007424338,1373957.0,125.72117383977715,50.82959529275101,49.17040470724899,49.17040470724899,1329108.0,1329108.0,49.17040470724899,662718.0,60.640678627314706,24.517279458688563,673667.0,61.64254486648502,213683.0,19.55263344457294,24.922338160569577,98416.0,3.640903936827268,449033.0
WHO region,Africa,2019,1121071316.0,2663204.0,237.55883876347434,1400425.0,124.91845790834596,52.58421810721221,47.41578189278779,47.41578189278779,1262779.0,1262779.0,47.415781892787784,629980.0,56.19446247610531,23.65496597331635,616275.0,54.97197111410172,192233.0,17.147258810071992,23.140360257794747,85541.0,3.211958227758745,437746.0
WHO region,Africa,2020,1149656148.0,2627389.0,228.53694163865768,1368778.0,119.05977299222863,52.09651102292048,47.90348897707952,47.90348897707952,1258611.0,1258611.0,47.903488977079526,614311.0,53.434324782126076,23.38104483196055,551247.0,47.94885853122059,170572.0,14.836784050321105,20.98079119612665,75918.0,2.8894845795578803,443739.0
WHO region,Africa,2021,1178471644.0,2628701.0,223.06018251551583,1479462.0,125.54073808499714,56.28110614330044,43.71889385669956,43.71889385669956,1149239.0,1149239.0,43.718893856699566,561614.0,47.65613180931149,21.36469685977979,509643.0,43.24609782464991,149602.0,12.69457782558237,19.38763670725579,68790.0,2.6168818743554327,412012.0
WHO region,Africa,2022,1207520005.0,2631746.0,217.94636851585744,1747103.0,144.6852220059079,66.38569983577443,33.61430016422557,33.61430016422557,884643.0,884643.0,33.614300164225575,478587.0,39.63387753563553,18.185151606576014,470243.0,38.94287449092821,120438.0,9.973996248617015,17.86809973302895,63748.0,2.4222702342855276,358148.0
WHO region,Africa,2023,1237685852.0,2623753.0,211.98860726736336,1882905.0,152.13109182409883,71.76380551065591,28.236194489344086,28.236194489344086,740848.0,740848.0,28.23619448934408,439664.0,35.52306906389361,16.75706516581401,458443.0,37.0403361450075,113642.0,9.181812962987639,17.472795648065958,60092.0,2.2903070525312406,326021.0
WHO region,Africa,2024,1268435639.0,2621932.0,206.70595490891913,1931539.0,152.27725716716478,73.6685390772911,26.3314609227089,26.3314609227089,690393.0,690393.0,26.331460922708906,421165.0,33.20349784022428,16.06315495596377,428876.0,33.81141201126406,107402.0,8.467280222800488,16.35725106524502,57087.0,2.177287587931342,313762.0
WHO region,Americas,2000,832419992.0,465350.0,55.9032705211626,238631.0,28.667139460052756,51.27989685183195,48.72010314816805,48.72010314816805,226719.0,226719.0,48.72010314816805,58767.0,7.059777584005936,12.628559149027613,66043.0,7.933855581882757,26357.0,3.1663103064924947,14.192113462984851,,,32399.0
WHO region,Americas,2001,842837711.0,434860.0,51.59474882585077,230514.0,27.349749185581945,53.00878443637033,46.99121556362967,46.99121556362967,204346.0,204346.0,46.99121556362967,51354.0,6.092987929914778,11.80931794140643,54207.0,6.431487259354487,22463.0,2.665163139573853,12.465391160373454,,,28881.0
WHO region,Americas,2002,853075795.0,421014.0,49.35247283625014,233727.0,27.398151649584666,55.51525602474027,44.48474397525973,44.48474397525973,187287.0,187287.0,44.484743975259725,46516.0,5.452739401661256,11.04856370572,47662.0,5.587076820061458,21070.0,2.4698860433614813,11.320763680067646,,,25437.0
WHO region,Americas,2003,863141705.0,408540.0,47.33174143172702,236318.0,27.37881840618511,57.84451950849366,42.15548049150634,42.15548049150634,172222.0,172222.0,42.15548049150634,42211.0,4.890390506620231,10.33215841778039,42297.0,4.900354108135697,18186.0,2.106954153026356,10.353208988103981,,,24010.0
WHO region,Americas,2004,873115936.0,396982.0,45.467272286735586,236868.0,27.1290432614438,59.66718894055651,40.33281105944349,40.33281105944349,160114.0,160114.0,40.3328110594435,39901.0,4.569954384614507,10.0510854396421,39786.0,4.556783166995133,16661.0,1.9082231022295761,10.022116871797714,,,23220.0
WHO region,Americas,2005,883066248.0,377405.0,42.73801663858859,230212.0,26.06961827851448,60.99866191491898,39.00133808508102,39.00133808508102,147193.0,147193.0,39.00133808508102,37570.0,4.2544939391681975,9.95482306805686,37637.0,4.262081138900011,15534.0,1.7590979199105343,9.972575880022786,,,22021.0
WHO region,Americas,2006,893032341.0,362014.0,40.537613631620985,223225.0,24.996295178967095,61.661979923428376,38.338020076571624,38.338020076571624,138789.0,138789.0,38.338020076571624,36760.0,4.116312289299274,10.15430342472943,37546.0,4.204327018880048,15475.0,1.7328599748886362,10.371422099697803,,,21270.0
WHO region,Americas,2007,903080125.0,348427.0,38.582069337424514,219722.0,24.33028852229474,63.06112901698203,36.93887098301797,36.93887098301797,128705.0,128705.0,36.938870983017964,33065.0,3.661358398292732,9.489792696892032,35295.0,3.908291083252441,12985.0,1.4378569121981286,10.129811983571882,,,20062.0
WHO region,Americas,2008,913134250.0,338910.0,37.115024433701834,222357.0,24.35096482253294,65.60945383730193,34.39054616269807,34.39054616269807,116553.0,116553.0,34.39054616269806,32506.0,3.5598270462421047,9.591336933109085,34409.0,3.768230137025306,12329.0,1.3501848167451829,10.152842937653064,,,20164.0
WHO region,Americas,2009,923055099.0,322739.0,34.96421831693928,217882.0,23.604441407240415,67.51027920393878,32.48972079606122,32.48972079606122,104857.0,104857.0,32.48972079606121,29670.0,3.2143259955059302,9.19318706447005,29178.0,3.1610247353175613,10107.0,1.094950887650099,9.040741899801388,,,19550.0
WHO region,Americas,2010,933014655.0,316412.0,33.91286495923261,215710.0,23.119679722501253,68.17377343463585,31.826226565364152,31.826226565364152,100702.0,100702.0,31.826226565364145,29670.0,3.1800143589384455,9.377014778200573,33953.0,3.6390639544670393,10103.0,1.0828340097187434,10.730629685346953,,,19550.0
WHO region,Americas,2011,942747439.0,315179.0,33.43196565289211,221188.0,23.462063204819803,70.1785334682831,29.821466531716894,29.821466531716894,93991.0,93991.0,29.821466531716894,29460.0,3.1249090457619375,9.347069443078377,37183.0,3.944110422558252,10798.0,1.1453756916543583,11.797423051662706,,,18647.0
WHO region,Americas,2012,952454974.0,306479.0,32.17779405496601,221400.0,23.245193320813083,72.23985982726387,27.76014017273613,27.76014017273613,85079.0,85079.0,27.760140172736143,28494.0,2.991637481857489,9.297211228175502,38034.0,3.993259633079516,10495.0,1.1018893581839806,12.409985676016953,,,17982.0
WHO region,Americas,2013,962077225.0,300818.0,31.267552352671064,221712.0,23.0451354879542,73.70303638745021,26.29696361254979,26.29696361254979,79106.0,79106.0,26.296963612549778,27954.0,2.9055879583886832,9.292662008257485,36156.0,3.75811827371758,9753.0,1.0137439850527592,12.019227572818115,,,18186.0
WHO region,Americas,2014,971597457.0,294413.0,30.301952509124362,218517.0,22.4904870248132,74.22124702373875,25.778752976261245,25.778752976261245,75896.0,75896.0,25.778752976261238,26391.0,2.7162483608682395,8.96393841304562,34202.0,3.5201821241489726,9005.0,0.9268241631472283,11.617014194346039,,,17372.0
WHO region,Americas,2015,980965496.0,291615.0,29.727345272498756,221695.0,22.599673577102042,76.02318124924987,23.976818750750127,23.976818750750127,69920.0,69920.0,23.976818750750134,26038.0,2.6543237357657277,8.92889597585858,32684.0,3.3318195322131903,8378.0,0.8540565426778273,11.207928261577765,12482.0,4.280301081905938,17646.0
WHO region,Americas,2016,990291326.0,293572.0,29.64501377446176,224715.0,22.691807360130305,76.54510648154456,23.454893518455435,23.454893518455435,68857.0,68857.0,23.45489351845544,26266.0,2.652350809341533,8.947038545910372,31762.0,3.207339008844353,8091.0,0.8170323002506031,10.819151690215687,12224.0,4.163884839153598,18164.0
WHO region,Americas,2017,999421640.0,298768.0,29.894089545629612,232765.0,23.289969987041705,77.90827665613452,22.091723343865482,22.091723343865482,66003.0,66003.0,22.091723343865475,25022.0,2.5036480098629843,8.375060247416055,31774.0,3.1792387445202808,7936.0,0.7940592521090498,10.635007765222513,12393.0,4.1480345954051305,17075.0
WHO region,Americas,2018,1008200206.0,305678.0,30.31917650689312,238167.0,23.62298664319059,77.91434123489424,22.085658765105762,22.085658765105762,67511.0,67511.0,22.085658765105766,25335.0,2.5128937535646565,8.288133264415496,30134.0,2.9888904823334266,7551.0,0.7489583869416507,9.858085959735408,12541.0,4.102683215671393,17770.0
WHO region,Americas,2019,1016614134.0,307084.0,30.20654442327476,240227.0,23.630106248355585,78.22843261127248,21.77156738872752,21.77156738872752,66857.0,66857.0,21.771567388727515,25508.0,2.509113256141292,8.306521993982102,31170.0,3.0660600671916294,7782.0,0.7654821765442816,10.150317177059046,12403.0,4.038960023967383,17714.0
WHO region,Americas,2020,1023188779.0,294740.0,28.806023487480015,199537.0,19.50148438834668,67.69932822148334,32.30067177851666,32.30067177851666,95203.0,95203.0,32.30067177851666,26553.0,2.5951222829037692,9.008957046888783,30062.0,2.938069749883369,8691.0,0.8494033729038775,10.199497862522902,12010.0,4.0747777702381764,17848.0
WHO region,Americas,2021,1027941239.0,309739.0,30.131975277236638,216237.0,21.035930050861595,69.8126487139172,30.1873512860828,30.1873512860828,93502.0,93502.0,30.187351286082798,28321.0,2.755118573465462,9.143504692660596,33081.0,3.218180061749619,8231.0,0.8007267037955659,10.680282431337352,12507.0,4.037915793619789,20079.0
WHO region,Americas,2022,1033596027.0,330669.0,31.99209278694335,243306.0,23.53975766588352,73.57992433521135,26.420075664788655,26.420075664788655,87363.0,87363.0,26.420075664788655,32417.0,3.136331715021192,9.803459048172039,35501.0,3.4347074749349824,7930.0,0.7672243113217772,10.736113757261794,13461.0,4.070838209811019,24476.0
WHO region,Americas,2023,1040549076.0,342764.0,32.94068563470619,266347.0,25.596774447570603,77.70565170204571,22.294348297954286,22.294348297954286,76417.0,76417.0,22.29434829795428,30244.0,2.906542391663226,8.823563734814623,36109.0,3.47018711878612,7824.0,0.7519107152616413,10.534653580889476,13875.0,4.0479746997934445,22411.0
WHO region,Americas,2024,1047516419.0,350978.0,33.50572779900264,261702.0,24.983092890308193,74.56364786396868,25.436352136031317,25.436352136031317,89276.0,89276.0,25.43635213603132,30180.0,2.8811004250235053,8.598829556268484,35829.0,3.4203759817152806,7888.0,0.7530192230810274,10.208332146174403,14166.0,4.036150413986062,22283.0
WHO region,Eastern Mediterranean,2000,500216737.0,696960.0,139.3316033725597,141748.0,28.337316510063115,20.33803948576676,79.66196051423324,79.66196051423324,555212.0,555212.0,79.66196051423324,113252.0,22.640585894669893,16.24942607897153,14339.0,2.8665574218881047,3179.0,0.6355245166456716,2.0573634067952247,,,110073.0
WHO region,Eastern Mediterranean,2001,512621800.0,713050.0,139.09864933563105,152545.0,29.757805852189666,21.393310427038777,78.60668957296122,78.60668957296122,560505.0,560505.0,78.60668957296122,113690.0,22.17814380894453,15.94418343734661,12696.0,2.4766796886125406,2942.0,0.5739123853101838,1.7805203001192063,,,110748.0
WHO region,Eastern Mediterranean,2002,525140532.0,728520.0,138.72857941957525,187326.0,35.6715942847847,25.713226816010543,74.28677318398945,74.28677318398945,541194.0,541194.0,74.28677318398947,112997.0,21.51747829664765,15.51048701476967,9694.0,1.8459820579989052,2886.0,0.5495671775721932,1.3306429473453028,,,110111.0
WHO region,Eastern Mediterranean,2003,538073050.0,737201.0,137.00760519412745,206532.0,38.383635827886195,28.01569721147964,71.98430278852035,71.98430278852035,530669.0,530669.0,71.98430278852037,113971.0,21.181324729049336,15.459962751000067,9037.0,1.6795117317249026,2785.0,0.517587714158886,1.2258529220660308,,,111186.0
WHO region,Eastern Mediterranean,2004,551604895.0,751014.0,136.15071345586952,235943.0,42.773913382331386,31.41659143504648,68.58340856495352,68.58340856495352,515071.0,515071.0,68.58340856495352,113477.0,20.57215246431053,15.109838165466954,8634.0,1.565250794230171,2791.0,0.50597810594121,1.1496456790419354,,,110686.0
WHO region,Eastern Mediterranean,2005,565544608.0,762593.0,134.84223688328402,287178.0,50.77901830159435,37.658095471634276,62.341904528365724,62.341904528365724,475415.0,475415.0,62.341904528365724,112271.0,19.851838106464626,14.722269939535243,9373.0,1.6573405293610368,3063.0,0.5416018394785934,1.2290959922265219,,,109208.0
WHO region,Eastern Mediterranean,2006,580033406.0,773007.0,133.26939310802385,323021.0,55.69006830616925,41.787590539283606,58.212409460716394,58.212409460716394,449986.0,449986.0,58.212409460716394,112445.0,19.385952401507026,14.546440071047224,14292.0,2.463996013360651,3838.0,0.6616860270975495,1.848883645296873,,,108607.0
WHO region,Eastern Mediterranean,2007,594703326.0,786979.0,132.33136012425797,379025.0,63.73345892469416,48.162022112407065,51.837977887592935,51.837977887592935,407954.0,407954.0,51.837977887592935,110117.0,18.51629126419246,13.99236828428713,12975.0,2.1817601201712464,3870.0,0.6507446369990538,1.648709813095394,,,106247.0
WHO region,Eastern Mediterranean,2008,609622941.0,789251.0,129.4654362424986,392651.0,64.40882939147791,49.74982610094887,50.25017389905113,50.25017389905113,396600.0,396600.0,50.25017389905112,105333.0,17.27838519777752,13.34594444606342,9476.0,1.5544034455881803,3560.0,0.5839675249360408,1.2006319915970964,,,101773.0
WHO region,Eastern Mediterranean,2009,624728298.0,809230.0,129.53311104854097,411909.0,65.93410308428193,50.90135066668314,49.09864933331686,49.09864933331686,397321.0,397321.0,49.09864933331686,106869.0,17.106476582240557,13.206257800625284,10428.0,1.6692056424183301,3802.0,0.6085845658299281,1.2886324036429693,,,103067.0
WHO region,Eastern Mediterranean,2010,639579492.0,823743.0,128.79446734980678,412913.0,64.56007504380706,50.126435065305564,49.873564934694436,49.873564934694436,410830.0,410830.0,49.873564934694436,101838.0,15.922649377256768,12.362836467199115,9398.0,1.469402962032435,3536.0,0.5528632553465301,1.1408898163626275,,,98302.0
WHO region,Eastern Mediterranean,2011,643997555.0,811003.0,125.93262097089794,408502.0,63.43222840341373,50.36997397050319,49.63002602949681,49.63002602949681,402501.0,402501.0,49.63002602949681,97467.0,15.134684789292407,12.018081314125842,14295.0,2.219728924281397,4934.0,0.7661519770832048,1.762632197414806,,,92533.0
WHO region,Eastern Mediterranean,2012,658107597.0,817132.0,124.16389109089711,411664.0,62.552689237532086,50.37913091152959,49.62086908847041,49.62086908847041,405468.0,405468.0,49.62086908847041,94734.0,14.394910563538136,11.593475717509532,14284.0,2.170465751362539,5423.0,0.8240293874012216,1.7480651840828654,,,89311.0
WHO region,Eastern Mediterranean,2013,672121295.0,826220.0,122.92721658223908,434472.0,64.64190366115389,52.58550991261407,47.41449008738593,47.41449008738593,391748.0,391748.0,47.41449008738592,93098.0,13.85136889614545,11.267943162837984,14359.0,2.1363703407135763,6209.0,0.9237915903259694,1.7379148410834888,,,86889.0
WHO region,Eastern Mediterranean,2014,686198733.0,822869.0,119.9170095232455,453744.0,66.124284143789,55.14170542334199,44.85829457665801,44.85829457665801,369125.0,369125.0,44.85829457665801,92288.0,13.449165024908316,11.215393944844196,12727.0,1.8547105070215861,5162.0,0.7522602056451189,1.546661740811721,,,87126.0
WHO region,Eastern Mediterranean,2015,699881956.0,828782.0,118.41739780472352,473098.0,67.5968277141867,57.083527393210765,42.916472606789235,42.916472606789235,355684.0,355684.0,42.91647260678924,89346.0,12.765867048585548,10.780398222934378,5889.0,0.8414276078293408,2299.0,0.3284839650873925,0.7105607988590485,36310.0,4.381127968512829,87047.0
WHO region,Eastern Mediterranean,2016,713033955.0,834718.0,117.06567326095993,514477.0,72.15322585864793,61.63482757050885,38.36517242949115,38.36517242949115,320241.0,320241.0,38.36517242949115,85261.0,11.957495067678789,10.21434783962967,6548.0,0.9183293381869873,2334.0,0.32733364009291815,0.7844565470015022,32713.0,3.919048109660987,82927.0
WHO region,Eastern Mediterranean,2017,725894734.0,840418.0,115.7768421006344,523523.0,72.12106321741135,62.293168399534515,37.706831600465485,37.706831600465485,316895.0,316895.0,37.706831600465485,81266.0,11.195287166802894,9.669711976659235,5447.0,0.7503842836804488,1859.0,0.25609773882172837,0.6481298591891178,30512.0,3.6305743094507736,79407.0
WHO region,Eastern Mediterranean,2018,738799059.0,847134.0,114.66365443759993,526338.0,71.24237552663152,62.13161081953976,37.86838918046024,37.86838918046024,320796.0,320796.0,37.868389180460234,81112.0,10.978898661537142,9.57487245229208,6576.0,0.8900931748479664,2263.0,0.30630791585780837,0.7762644398642954,28473.0,3.3610975359270197,78849.0
WHO region,Eastern Mediterranean,2019,752215779.0,853171.0,113.42104537267358,497992.0,66.20334402743232,58.36954139322598,41.63045860677402,41.63045860677402,355179.0,355179.0,41.63045860677402,80405.0,10.689087126953234,9.424253754522834,7773.0,1.0333471082371433,2871.0,0.38167239775490003,0.911071754665829,26463.0,3.1017228668109906,77534.0
WHO region,Eastern Mediterranean,2020,765845612.0,846919.0,110.58612685502989,423479.0,55.29560963261091,50.00230246339969,49.99769753660031,49.99769753660031,423440.0,423440.0,49.99769753660031,88206.0,11.517464958720687,10.41492751963293,6447.0,0.8418145771134875,2774.0,0.36221399672914756,0.7612298224505532,24413.0,2.8825661013627037,85432.0
WHO region,Eastern Mediterranean,2021,779593997.0,887747.0,113.87299073828041,497892.0,63.8655507759124,56.08489806217312,43.91510193782688,43.91510193782688,389855.0,389855.0,43.915101937826876,91429.0,11.727771167021954,10.298992843681814,5447.0,0.6986970167755153,2115.0,0.27129505975403245,0.6135757147024997,22686.0,2.555457804982726,89314.0
WHO region,Eastern Mediterranean,2022,794641201.0,916459.0,115.32991227319964,592785.0,74.59781839325998,64.68210798300852,35.31789201699148,35.31789201699148,323674.0,323674.0,35.317892016991486,84205.0,10.59660635441932,9.188081518103921,4385.0,0.5518213747892491,1409.0,0.17731272909419654,0.47847203202761934,22223.0,2.4248766175028016,82796.0
WHO region,Eastern Mediterranean,2023,809901214.0,910523.0,112.42395791741585,638513.0,78.83838040524284,70.12596057430729,29.874039425692715,29.874039425692715,272010.0,272010.0,29.874039425692704,85325.0,10.535235473791992,9.370987882788244,4667.0,0.5762431169784615,1390.0,0.1716258694236258,0.5125625601989187,19737.0,2.1676552926175394,83935.0
WHO region,Eastern Mediterranean,2024,824402389.0,920736.0,111.68526587081494,664741.0,80.63307540948914,72.1966991624092,27.803300837590797,27.803300837590797,255995.0,255995.0,27.803300837590793,86925.0,10.544001468195647,9.44081691168804,4750.0,0.5761749436172485,1304.0,0.158175184521451,0.5158916345184722,19197.0,2.08496246481076,85621.0
WHO region,Europe,2000,862052459.0,571281.0,66.26986490621448,370230.0,42.9475023398779,64.8069864042389,35.1930135957611,35.1930135957611,201051.0,201051.0,35.19301359576111,82718.0,9.595471729870676,14.479389302287316,27700.0,3.213261526117867,9243.0,1.0722085301771642,4.8487521902531325,,,73469.0
WHO region,Europe,2001,863690399.0,561237.0,64.9812711418134,363853.0,42.12771155280609,64.83054395914738,35.16945604085262,35.16945604085262,197384.0,197384.0,35.169456040852616,79502.0,9.204918810264555,14.165495147326352,26620.0,3.082122949476019,9882.0,1.144159991988055,4.74309427211677,,,69614.0
WHO region,Europe,2002,866168521.0,561181.0,64.78889343058913,370084.0,42.72655851920529,65.94735032012844,34.052649679871564,34.052649679871564,191097.0,191097.0,34.05264967987156,79342.0,9.160111234289475,14.13839741545063,25503.0,2.944346207659052,9393.0,1.0844310053147268,4.544523068314858,,,69942.0
WHO region,Europe,2003,869042406.0,565752.0,65.10062064796409,432546.0,49.77271500373711,76.45505451151742,23.544945488482583,23.544945488482583,133206.0,133206.0,23.544945488482586,76576.0,8.811537788180155,13.535259265543914,26280.0,3.0240181398006483,6240.0,0.7180317044275513,4.645144869129937,,,70327.0
WHO region,Europe,2004,871563458.0,541699.0,62.152559865583534,315741.0,36.22696627558702,58.287166858347526,41.712833141652474,41.712833141652474,225958.0,225958.0,41.71283314165247,75196.0,8.62771371490887,13.881509842181728,24825.0,2.8483296049339417,7816.0,0.8967792222422432,4.582803364968368,,,67373.0
WHO region,Europe,2005,882211671.0,541856.0,61.42018041835676,368624.0,41.78407655638462,68.02988247800154,31.97011752199846,31.97011752199846,173232.0,173232.0,31.970117521998464,78274.0,8.872473871409484,14.445535345183961,25178.0,2.853963603934231,8785.0,0.9957927659290737,4.6466219807476525,,,69484.0
WHO region,Europe,2006,884511693.0,523735.0,59.21176668944273,363066.0,41.04705487483024,69.322462695829,30.677537304170997,30.677537304170997,160669.0,160669.0,30.677537304171004,69953.0,7.908657460789498,13.356563911138267,26097.0,2.950441492919868,8567.0,0.9685570092288197,4.982863471030196,,,61382.0
WHO region,Europe,2007,887436828.0,500930.0,56.446834771206944,352877.0,39.763619095600575,70.44437346535443,29.55562653464557,29.55562653464557,148053.0,148053.0,29.555626534645558,63812.0,7.190596331663621,12.738706006827302,20784.0,2.342025859670543,5578.0,0.628551782392335,4.1490827061665305,,,58222.0
WHO region,Europe,2008,890978909.0,482368.0,54.13910420633761,347141.0,38.96175279722587,71.96600935385432,28.033990646145682,28.033990646145682,135227.0,135227.0,28.03399064614568,62214.0,6.982656870051679,12.897621732784929,22747.0,2.553034619588285,5942.0,0.6669069200155443,4.715694241740746,,,56268.0
WHO region,Europe,2009,894431608.0,461203.0,51.56380833088805,353417.0,39.513026690800935,76.62938012111803,23.370619878881968,23.370619878881968,107786.0,107786.0,23.370619878881968,60172.0,6.727400894803798,13.046749479079711,27930.0,3.122653509803066,6180.0,0.6909415929317203,6.055901631168921,,,53981.0
WHO region,Europe,2010,897770399.0,433127.0,48.24474057982391,329909.0,36.74759163005106,76.16911437061185,23.83088562938815,23.83088562938815,103218.0,103218.0,23.830885629388145,55633.0,6.196795980572311,12.844500573734724,28439.0,3.1677364314614698,7203.0,0.8023209506599026,6.565972566937642,,,48422.0
WHO region,Europe,2011,901136302.0,415657.0,46.125874529467126,315415.0,35.00191916583114,75.88348085079765,24.116519149202347,24.116519149202347,100242.0,100242.0,24.116519149202347,50174.0,5.5678591450197725,12.071010472577148,26266.0,2.9147643859985126,6248.0,0.6933468317870519,6.319152570508857,,,43919.0
WHO region,Europe,2012,904542086.0,383436.0,42.39006740920179,299302.0,33.08878653988909,78.05787667303018,21.94212332696982,21.94212332696982,84134.0,84134.0,21.94212332696982,46261.0,5.114300452792862,12.064855673437028,26609.0,2.9417094474474235,5855.0,0.647288842677465,6.939619649693821,,,40402.0
WHO region,Europe,2013,908152335.0,366549.0,40.36206106324662,297569.0,32.7664190832037,81.18123361405979,18.818766385940208,18.818766385940208,68980.0,68980.0,18.818766385940215,43050.0,4.740394132224524,11.744678064869909,29153.0,3.2101442540474228,6322.0,0.6961387155382912,7.95337049071202,,,36723.0
WHO region,Europe,2014,912442280.0,340990.0,37.37113102650176,273428.0,29.96660786038981,80.18651573359922,19.813484266400778,19.813484266400778,67562.0,67562.0,19.813484266400774,40786.0,4.469981377890556,11.961054576380539,28018.0,3.0706599873912026,6517.0,0.7142369597340448,8.21666324525646,,,34265.0
WHO region,Europe,2015,917594206.0,325741.0,35.49946129454963,266429.0,29.03560182244656,81.79166884119591,18.208331158804086,18.208331158804086,59312.0,59312.0,18.208331158804082,37572.0,4.094620449249001,11.534317141532691,29063.0,3.1673042190068057,6792.0,0.7401964785292029,8.922119106897812,90282.0,27.715884705947364,30775.0
WHO region,Europe,2016,922589530.0,307163.0,33.293570977333765,253120.0,27.435819697628695,82.40575850607007,17.59424149392993,17.59424149392993,54043.0,54043.0,17.594241493929932,34424.0,3.7312367938968483,11.207078977611236,35097.0,3.8041836438356285,6478.0,0.7021540771224664,11.426180887672018,85630.0,27.877706624821347,27940.0
WHO region,Europe,2017,927006669.0,289682.0,31.2491818761662,238875.0,25.76842303170097,82.46111253029184,17.538887469708158,17.538887469708158,50807.0,50807.0,17.53888746970816,30726.0,3.31453926142143,10.606803322263723,32392.0,3.494257493847652,6070.0,0.654795720784615,11.18191672247499,80523.0,27.79703260817034,24653.0
WHO region,Europe,2018,931032033.0,272390.0,29.256780684795192,227034.0,24.385197496206878,83.3488747751386,16.651125224861403,16.651125224861403,45356.0,45356.0,16.651125224861413,28478.0,3.0587561964154246,10.454862513308125,30652.0,3.292260514520879,5368.0,0.5765644800322354,11.252982855464591,75547.0,27.734865450273503,23107.0
WHO region,Europe,2019,934544503.0,254534.0,27.23615613626909,215932.0,23.105587728228283,84.83424611250364,15.165753887496365,15.165753887496365,38602.0,38602.0,15.165753887496367,25449.0,2.723144796026905,9.998271350782213,30479.0,3.2613749160322225,4790.0,0.512549160005064,11.974431706569653,69506.0,27.30715739351128,20657.0
WHO region,Europe,2020,936944799.0,237185.0,25.314725078056597,163675.0,17.469012067166616,69.00731496511162,30.992685034888382,30.992685034888382,73510.0,73510.0,30.99268503488838,25765.0,2.7498951941991625,10.862828593713768,29298.0,3.1269718377507107,7061.0,0.7536196377349227,12.352383160823829,67422.0,28.425912262579843,18702.0
WHO region,Europe,2021,938253974.0,234649.0,25.00911336401118,166031.0,17.695741728880755,70.75717348038985,29.242826519610148,29.242826519610148,68618.0,68618.0,29.242826519610144,24155.0,2.5744628500768814,10.294098845509676,30846.0,3.287595987309935,7116.0,0.7584300410327919,13.145591926664935,66090.0,28.165472684733366,17036.0
WHO region,Europe,2022,938725585.0,220275.0,23.46532400094326,170416.0,18.15397414570308,77.3651117920781,22.634888207921904,22.634888207921904,49859.0,49859.0,22.634888207921914,21320.0,2.271164261491818,9.678810577686981,26743.0,2.8488623754725935,4672.0,0.4976960332875129,12.14073317444104,60063.0,27.267279536942457,16645.0
WHO region,Europe,2023,939324662.0,217664.0,23.172392763174358,172354.0,18.348714451191533,79.18351220229344,20.816487797706557,20.816487797706557,45310.0,45310.0,20.816487797706557,20271.0,2.1580397939131295,9.312977800646868,26182.0,2.7873216853748484,4316.0,0.4594790464470952,12.028631284916202,58475.0,26.864800793884154,15952.0
WHO region,Europe,2024,940630573.0,202845.0,21.56478917680257,161630.0,17.18315400747664,79.68153023244349,20.318469767556508,20.318469767556508,41215.0,41215.0,20.318469767556508,19090.0,2.0294896368417317,9.411126722374227,22954.0,2.4402779006843955,3765.0,0.4002634092566328,11.316029480637924,54531.0,26.883088072173333,15322.0
WHO region,South-East Asia,2000,1369150013.0,4237390.0,309.49055689779993,1329637.0,97.11404794034063,31.37867885656029,68.62132114343972,68.62132114343972,2907753.0,2907753.0,68.6213211434397,1327915.0,96.98827647748779,31.338040633503173,559500.0,40.864769724835114,237017.0,17.311251342039757,13.20388257866281,,,1090898.0
WHO region,South-East Asia,2001,1393386691.0,4305000.0,308.959460270889,1321349.0,94.83002877339811,30.693356562137048,69.30664343786296,69.30664343786296,2983651.0,2983651.0,69.30664343786295,1255817.0,90.12695528896795,29.17112659698026,478270.0,34.32428363850362,257041.0,18.447212224736255,11.109639953542393,,,998776.0
WHO region,South-East Asia,2002,1417907049.0,4370060.0,308.20497035274985,1334460.0,94.1147729635132,30.536422840876327,69.46357715912367,69.46357715912367,3035600.0,3035600.0,69.46357715912367,1182925.0,83.4275420828379,27.068850313268012,416236.0,29.355661945087064,227201.0,16.023687882801408,9.524720484386942,,,955724.0
WHO region,South-East Asia,2003,1440890402.0,4410680.0,306.1079450510491,1387770.0,96.31336277025183,31.4638559133739,68.5361440866261,68.5361440866261,3022910.0,3022910.0,68.5361440866261,1101607.0,76.45321243523698,24.975899407801062,372280.0,25.836801985998658,203417.0,14.117451245261332,8.440421885060807,,,898190.0
WHO region,South-East Asia,2004,1463655424.0,4439030.0,303.28381442871625,1476632.0,100.88658681457528,33.264744775322534,66.73525522467747,66.73525522467747,2962398.0,2962398.0,66.73525522467746,1018603.0,69.59308750527337,22.946522100548993,343430.0,23.463855930068963,184741.0,12.621891530666714,7.736600113087769,,,833862.0
WHO region,South-East Asia,2005,1485686905.0,4446730.0,299.3046505986401,1534787.0,103.30487499316015,34.51495818275452,65.48504181724547,65.48504181724547,2911943.0,2911943.0,65.48504181724549,972605.0,65.465004552894,21.872364636485685,338728.0,22.799420177968116,179462.0,12.07939569205532,7.617462719796345,,,793143.0
WHO region,South-East Asia,2006,1507041275.0,4431840.0,294.0755554289646,1644444.0,109.11738299934751,37.10522040506877,62.89477959493123,62.89477959493123,2787396.0,2787396.0,62.89477959493123,930306.0,61.73062512836617,20.99141665764107,327819.0,21.752489824805895,171850.0,11.4031382451685,7.396905122928625,,,758456.0
WHO region,South-East Asia,2007,1527828155.0,4395690.0,287.7084039598681,1732220.0,113.37793418265683,39.407237544048826,60.592762455951174,60.592762455951174,2663470.0,2663470.0,60.59276245595117,889316.0,58.20785518905429,20.231544990661305,302891.0,19.824939016129075,156480.0,10.241989551501621,6.890636054862831,,,732836.0
WHO region,South-East Asia,2008,1547854838.0,4359950.0,281.6769307407107,1781856.0,115.11777178681403,40.868725558779346,59.131274441220654,59.131274441220654,2578094.0,2578094.0,59.13127444122066,871118.0,56.27905011593859,19.979999770639573,313113.0,20.228834921275737,156936.0,10.138935263643889,7.181573183178706,,,714182.0
WHO region,South-East Asia,2009,1568088869.0,4303900.0,274.4678624461303,1831878.0,116.82233298220038,42.563210111759105,57.436789888240895,57.436789888240895,2472022.0,2472022.0,57.4367898882409,810488.0,51.68635630433774,18.83147842654337,292984.0,18.684145126726232,145428.0,9.274219266204101,6.807407235298219,,,665060.0
WHO region,South-East Asia,2010,1588642768.0,4249780.0,267.5101089812785,1823578.0,114.7884242280452,42.909938867423726,57.090061132576274,57.090061132576274,2426202.0,2426202.0,57.090061132576274,764258.0,48.10760577484339,17.983472085613844,266410.0,16.769660578595225,131194.0,8.258244247393948,6.2687950905693945,,,633064.0
WHO region,South-East Asia,2011,1609007733.0,4188060.0,260.2883699130115,1823624.0,113.33842358854592,43.54340673247279,56.45659326752721,56.45659326752721,2364436.0,2364436.0,56.45659326752721,734010.0,45.618798775530806,17.52625320554147,252780.0,15.710303612319557,123881.0,7.69921719201582,6.035730147132563,,,610129.0
WHO region,South-East Asia,2012,1629173222.0,4096290.0,251.43366860470042,1801296.0,110.5650384916528,43.97383974279165,56.02616025720835,56.02616025720835,2294994.0,2294994.0,56.02616025720836,695836.0,42.71098926765934,16.986980902231043,236690.0,14.528227987287652,116285.0,7.137669489635155,5.778155355211667,,,579551.0
WHO region,South-East Asia,2013,1649031726.0,4005690.0,242.91163940893153,1772588.0,107.49265596603809,44.25175188294651,55.74824811705349,55.74824811705349,2233102.0,2233102.0,55.74824811705349,653559.0,39.63289424305473,16.315765823116614,201374.0,12.211651044972074,97830.0,5.932572336694994,5.027198809693211,,,555729.0
WHO region,South-East Asia,2014,1668139876.0,3964210.0,237.6425416737655,2159263.0,129.44136346513426,54.46893580309822,45.53106419690178,45.53106419690178,1804947.0,1804947.0,45.531064196901774,599288.0,35.9255245091929,15.117463504708379,177939.0,10.666911244078431,73498.0,4.405985436679292,4.488637080275767,,,525790.0
WHO region,South-East Asia,2015,1686540394.0,3905540.0,231.5710915608227,2234430.0,132.48600555012857,57.21180681800724,42.78819318199276,42.78819318199276,1671110.0,1671110.0,42.78819318199275,565237.0,33.514584175444305,14.472697757544411,160782.0,9.533243352604812,64511.0,3.825049208990366,4.1167674636541935,143915.0,3.6848937662909607,500726.0
WHO region,South-East Asia,2016,1705095797.0,3785450.0,222.0080541316354,2351345.0,137.90104955610303,62.11533635366997,37.88466364633003,37.88466364633003,1434105.0,1434105.0,37.884663646330026,523983.0,30.730414145757234,13.842026707524866,127603.0,7.483626446356198,46267.0,2.7134545801710166,3.3708806086462637,142438.0,3.762775891901887,477716.0
WHO region,South-East Asia,2017,1723279508.0,3695590.0,214.4509920093589,2247327.0,130.40989517760806,60.81104776233295,39.18895223766705,39.18895223766705,1448263.0,1448263.0,39.18895223766706,498831.0,28.94661009338713,13.498007084119179,113572.0,6.590457292201492,41724.0,2.421197478778353,3.073176407556033,130942.0,3.543196079651693,457107.0
WHO region,South-East Asia,2018,1740603244.0,3596600.0,206.62951263579285,2534059.0,145.58510152931782,70.45707056664628,29.54292943335372,29.54292943335372,1062541.0,1062541.0,29.54292943335372,469691.0,26.984380364627196,13.05930601123283,127438.0,7.321484688672682,38802.0,2.2292271448851784,3.543290885836623,129438.0,3.5988989601290107,430889.0
WHO region,South-East Asia,2019,1757522112.0,3538830.0,201.3533699426935,2816838.0,160.2732609033598,79.59800272971576,20.40199727028424,20.40199727028424,721992.0,721992.0,20.401997270284248,432580.0,24.613061596575807,12.223814085446321,98309.0,5.593613834430095,23811.0,1.3548051451201315,2.778008550848727,138547.0,3.9150510196872976,408769.0
WHO region,South-East Asia,2020,1773836586.0,3493770.0,196.9612098191327,2176792.0,122.71660293740271,62.3049599716066,37.6950400283934,37.6950400283934,1316978.0,1316978.0,37.69504002839339,415010.0,23.396179968068378,11.878572430354604,80646.0,4.546416543468452,28343.0,1.5978360252402641,2.3082801672691677,137417.0,3.933201097954359,386667.0
WHO region,South-East Asia,2021,1788026849.0,3518940.0,196.80576955363156,2534393.0,141.7424465084193,72.02148942579299,27.978510574207007,27.978510574207007,984547.0,984547.0,27.978510574207004,445119.0,24.89442483757692,12.64923528107896,74502.0,4.166715955169642,22271.0,1.2455629518346232,2.117171648280448,137701.0,3.9131386156058356,422848.0
WHO region,South-East Asia,2022,1801853816.0,3594280.0,199.47678152820808,2841585.0,157.703414936742,79.05853188955786,20.941468110442145,20.941468110442145,752695.0,752695.0,20.941468110442145,451479.0,25.056361175972338,12.561041432498302,72392.0,4.017640019250041,19274.0,1.0696761207181082,2.014089052605807,139097.0,3.8699544832344723,432205.0
WHO region,South-East Asia,2023,1817153899.0,3596890.0,197.94085696205522,3026353.0,166.54357133236957,84.13804703507752,15.86195296492248,15.86195296492248,570537.0,570537.0,15.861952964922473,430398.0,23.685280604843253,11.96583715376339,68700.0,3.780637404339081,14779.0,0.813304806386132,1.9099833467245315,148905.0,4.139826349985682,415619.0
WHO region,South-East Asia,2024,1832639675.0,3550610.0,193.74294076657486,3134998.0,171.06461476121868,88.29463106339473,11.705368936605268,11.705368936605268,415612.0,415612.0,11.70536893660526,414238.0,22.603352183783752,11.66667136069577,61980.0,3.382006885778024,11980.0,0.6537018795033999,1.745615542118115,148527.0,4.183140361796987,402258.0
WHO region,Western Pacific,2000,1902405638.0,3195250.0,167.958396262911,870876.0,45.77761874778464,27.255332133635868,72.74466786636413,72.74466786636413,2324374.0,2324374.0,72.74466786636413,374262.0,19.673091401971547,11.713074094358813,71304.0,3.7480965455380972,24243.0,1.2743339020739382,2.231562475549644,,,350017.0
WHO region,Western Pacific,2001,1919197396.0,3175220.0,165.4452015523681,897897.0,46.78502596300938,28.27826103388112,71.72173896611888,71.72173896611888,2277323.0,2277323.0,71.72173896611889,358477.0,18.678485118161344,11.289831885664615,64114.0,3.340667308825381,22441.0,1.1692908737147951,2.019198669698478,,,336035.0
WHO region,Western Pacific,2002,1934778915.0,3120595.0,161.28948769322307,967339.0,49.997392079290876,30.998543546983832,69.00145645301617,69.00145645301617,2153256.0,2153256.0,69.00145645301617,343573.0,17.757739519298,11.009855492301948,59675.0,3.0843317309978024,23008.0,1.1891797983543768,1.912295571838063,,,320562.0
WHO region,Western Pacific,2003,1949703746.0,3087720.0,158.36867556595442,1158307.0,59.40938475275413,37.51334317878564,62.48665682121436,62.48665682121436,1929413.0,1929413.0,62.48665682121436,329566.0,16.90338856229494,10.67344189239957,60201.0,3.0876998684291395,22340.0,1.145815103747562,1.9496910341611287,,,307223.0
WHO region,Western Pacific,2004,1964413976.0,3031602.0,154.32602481138122,1378614.0,70.17940295900236,45.474768785612355,54.525231214387645,54.525231214387645,1652988.0,1652988.0,54.52523121438764,301848.0,15.365803933783457,9.9567159541391,59387.0,3.0231407801794217,21964.0,1.1180942646683756,1.9589312845155797,,,279882.0
WHO region,Western Pacific,2005,1979463313.0,3000629.0,151.58800773389225,1538753.0,77.73586860106661,51.28101474724133,48.71898525275867,48.71898525275867,1461876.0,1461876.0,48.71898525275867,302542.0,15.284041791180194,10.082619344144177,64111.0,3.238807184702796,23829.0,1.2038111463599528,2.136585362602308,,,278711.0
WHO region,Western Pacific,2006,1995042837.0,2957317.0,148.2332582114877,1617741.0,81.0880332992068,54.70299599265145,45.29700400734855,45.29700400734855,1339576.0,1339576.0,45.29700400734855,296065.0,14.840032229343052,10.011270350794318,68228.0,3.4198764424826233,24196.0,1.2128060386103878,2.307091191103287,,,271867.0
WHO region,Western Pacific,2007,2011005347.0,2909952.0,144.70135568465994,1644914.0,81.79560548925781,56.52718670273599,43.47281329726401,43.47281329726401,1265038.0,1265038.0,43.47281329726401,282342.0,14.039843326184851,9.702634270256004,66895.0,3.3264456556415114,20593.0,1.0240151788119538,2.2988351697897422,,,261746.0
WHO region,Western Pacific,2008,2027404460.0,2891945.0,142.64272655294445,1663831.0,82.06704842703168,57.53328642142226,42.46671357857774,42.46671357857774,1228114.0,1228114.0,42.46671357857774,275649.0,13.596152392798821,9.531612807297511,68460.0,3.3767312517404644,21101.0,1.0407888715012494,2.3672649376111923,,,254547.0
WHO region,Western Pacific,2009,2044195320.0,2886955.0,141.22696455444384,1655987.0,81.0092354579894,57.36102571740813,42.63897428259187,42.63897428259187,1230968.0,1230968.0,42.63897428259187,278966.0,13.646739001437494,9.662984009103017,75731.0,3.7046851276423034,24463.0,1.1967056063899022,2.6232137321156723,,,254501.0
WHO region,Western Pacific,2010,2061193739.0,2828204.0,137.2119440539403,1631870.0,79.17111182337042,57.699868892060124,42.300131107939876,42.300131107939876,1196334.0,1196334.0,42.30013110793988,272309.0,13.21122778745254,9.62833656978068,74614.0,3.6199411335394127,24888.0,1.207455637434381,2.6382113878631106,,,247420.0
WHO region,Western Pacific,2011,2077908066.0,2842812.0,136.81125005075177,1673370.0,80.53147429285738,58.863196018590045,41.136803981409955,41.136803981409955,1169442.0,1169442.0,41.13680398140996,262565.0,12.636025832723247,9.236101437590667,76241.0,3.6691228667669074,24836.0,1.1952405597909643,2.6818868078508182,,,237728.0
WHO region,Western Pacific,2012,2095393006.0,2843372.0,135.6963582420204,1704537.0,81.34688791645226,59.947731074231584,40.052268925768416,40.052268925768416,1138835.0,1138835.0,40.052268925768416,250773.0,11.967826526190095,8.819563532313042,76552.0,3.6533480726908563,25970.0,1.2393856391443925,2.692296329850614,,,224801.0
WHO region,Western Pacific,2013,2113006031.0,2804956.0,132.7471838153026,1667986.0,78.93900800702447,59.46567432786824,40.53432567213176,40.53432567213176,1136970.0,1136970.0,40.53432567213176,244852.0,11.587851449913822,8.729263489338157,73052.0,3.4572546849488854,25781.0,1.2201101001022177,2.6043902292941494,,,219069.0
WHO region,Western Pacific,2014,2129733774.0,2783973.0,130.71929618560858,1658754.0,77.88550945898649,59.58225887966586,40.41774112033414,40.41774112033414,1125219.0,1125219.0,40.41774112033414,238553.0,11.201071369214244,8.568797183018658,67599.0,3.1740586934036195,24078.0,1.1305638429528893,2.4281485488544607,,,214474.0
WHO region,Western Pacific,2015,2145514447.0,2766262.0,128.9323408596931,1668449.0,77.7645194761068,60.31420740334791,39.68579259665209,39.68579259665209,1097813.0,1097813.0,39.685792596652085,229769.0,10.709273028726429,8.306118509381974,62798.0,2.926943702840515,21739.0,1.0132301849748393,2.270139270972887,155271.0,5.613025808835172,208028.0
WHO region,Western Pacific,2016,2160860528.0,2752550.0,127.38212227642671,1738771.0,80.46660010997248,63.169461045212614,36.830538954787386,36.830538954787386,1013779.0,1013779.0,36.83053895478738,228371.0,10.56852106097613,8.296706690160033,59311.0,2.744786127168315,20724.0,0.9590623611039462,2.154765581006703,145107.0,5.271729850502262,207645.0
WHO region,Western Pacific,2017,2176322485.0,2745846.0,126.16907737365953,1792361.0,82.3573258261861,65.27536504232211,34.72463495767789,34.72463495767789,953485.0,953485.0,34.72463495767789,219928.0,10.105487652488229,8.009480502548213,57786.0,2.655213112867324,18530.0,0.8514363164335914,2.104488015715375,136724.0,4.97930328212143,201395.0
WHO region,Western Pacific,2018,2189716280.0,2727956.0,124.58034060924095,1985113.0,90.65617395875597,72.76924554501612,27.23075445498388,27.23075445498388,742843.0,742843.0,27.23075445498388,210852.0,9.62919269157555,7.729303551816819,56000.0,2.55740894432223,15702.0,0.717079200781208,2.0528190337380807,128336.0,4.704474705603756,195148.0
WHO region,Western Pacific,2019,2200620307.0,2690294.0,122.25162111984456,1949876.0,88.60574419846976,72.47817524776103,27.52182475223897,27.52182475223897,740418.0,740418.0,27.521824752238977,203261.0,9.236532052051086,7.555345252228938,52828.0,2.400595860719738,15346.0,0.6973488316537652,1.9636515562983081,120061.0,4.462746450759656,187912.0
WHO region,Western Pacific,2020,2208816562.0,2673714.0,121.04735386351201,1503451.0,68.06590578253731,56.23080853075535,43.76919146924465,43.76919146924465,1170263.0,1170263.0,43.76919146924465,219466.0,9.935908838046824,8.208282561261226,49242.0,2.229338590046302,18033.0,0.8164100319707761,1.8417078266411442,112861.0,4.221132103134441,201432.0
WHO region,Western Pacific,2021,2213543827.0,2739276.0,123.75070087103362,1540657.0,69.60137771873445,56.24321901115478,43.75678098884522,43.75678098884522,1198619.0,1198619.0,43.75678098884523,251797.0,11.375288662852395,9.192100394410787,48686.0,2.199459500469154,18953.0,0.8562288114117381,1.777330944380924,108961.0,3.9777298819104026,232842.0
WHO region,Western Pacific,2022,2216602259.0,2906674.0,131.13196055801728,1891592.0,85.33745701645971,65.07754223555858,34.92245776444142,34.92245776444142,1015082.0,1015082.0,34.922457764441425,259159.0,11.691723174410065,8.915998147711095,53361.0,2.4073331055826555,16862.0,0.7607138326930668,1.8358095885537904,108408.0,3.7296236179220648,242295.0
WHO region,Western Pacific,2023,2218752668.0,2962032.0,133.4998732720397,2199586.0,99.1361512134078,74.25935979084628,25.740640209153725,25.740640209153725,762446.0,762446.0,25.740640209153714,235235.0,10.602128096235376,7.941676524764081,51102.0,2.303185962861905,14230.0,0.6413513414646179,1.725234568701486,105186.0,3.551143269215187,221004.0
WHO region,Western Pacific,2024,2220072002.0,2906480.0,130.9182764064244,2174780.0,97.95988589743045,74.82521813327462,25.174781866725382,25.174781866725382,731700.0,731700.0,25.174781866725386,227202.0,10.233992401837424,7.817084583413614,63356.0,2.853781316233184,16702.0,0.7523179421637515,2.179818887451488,98408.0,3.3858137678566513,210498.0
